اسم التجمع,facility_name,facility_type,latitude,longitude,Location,facility_status,Sector,working hours,Size
تجمع عسير الصحي,آل مفتاح,مركز رعاية صحية أولية,17.65906,43.32389,"17.65906,43.32389",Active,ظهران الجنوب,٢٤ ساعة جميع أيام الأسبوع,24
تجمع عسير الصحي,العمائر,مركز رعاية صحية أولية,18.95737,43.62055,"18.95737,43.62055",Active,الأمواه,٢٤ ساعة جميع أيام الأسبوع,24
تجمع عسير الصحي,الحبيل,مركز رعاية صحية أولية,18.08995,42.22737,"18.08995,42.22737",Active,رجال ألمع,٢٤ ساعة جميع أيام الأسبوع,24
تجمع عسير الصحي,المنسك,مركز رعاية صحية أولية,18.2075757,42.5617245,"18.2075757,42.5617245",Active,أبها,٢٤ ساعة جميع أيام الأسبوع,24
تجمع عسير الصحي,حي الموظفين,مركز رعاية صحية أولية,18.23608,42.60046,"18.23608,42.60046",Active,أبها,٢٤ ساعة جميع أيام الأسبوع,24
تجمع عسير الصحي,الربوعة,مركز رعاية صحية أولية,17.5845001,43.3212624,"17.5845001,43.3212624",Active,ظهران الجنوب,٢٤ ساعة جميع أيام الأسبوع,24
تجمع عسير الصحي,الرصراص,مركز رعاية صحية أولية,18.26057,42.77318,"18.26057,42.77318",Active,خميس مشيط,٢٤ ساعة جميع أيام الأسبوع,24
تجمع عسير الصحي,الصناعية,مركز رعاية صحية أولية,18.3122506,42.6965618,"18.3122506,42.6965618",Active,خميس مشيط,٢٤ ساعة جميع أيام الأسبوع,24
تجمع عسير الصحي,عرق بلحنّا,مركز رعاية صحية أولية,18.19783,42.82144,"18.19783,42.82144",Active,أحد رفيدة,٢٤ ساعة جميع أيام الأسبوع,24
تجمع عسير الصحي,بحر أبو سكينة,مركز رعاية صحية أولية,18.3312558,41.9034541,"18.3312558,41.9034541",Active,محايل,٢٤ ساعة جميع أيام الأسبوع,24
تجمع عسير الصحي,بني عمرو,مركز رعاية صحية أولية,19.3780066,42.0487011,"19.3780066,42.0487011",Active,سبت العلاية,٢٤ ساعة جميع أيام الأسبوع,24
تجمع عسير الصحي,بارق,مركز رعاية صحية أولية,18.925,41.93966,"18.925,41.93966",Active,بارق,٢٤ ساعة جميع أيام الأسبوع,24
تجمع عسير الصحي,بلّسمر,مركز رعاية صحية أولية,18.7742377,42.2465301,"18.7742377,42.2465301",Active,بلّسمر,٢٤ ساعة جميع أيام الأسبوع,24
تجمع عسير الصحي,محايل,مركز رعاية صحية أولية,18.56904,42.03703,"18.56904,42.03703",Active,محايل,٢٤ ساعة جميع أيام الأسبوع,24
تجمع عسير الصحي,نشيان,مركز رعاية صحية أولية,19.079926,42.137954,"19.079926,42.137954",Active,النماص,٢٤ ساعة جميع أيام الأسبوع,24
تجمع عسير الصحي,قنا,مركز رعاية صحية أولية,18.33208,41.97444,"18.33208,41.97444",Active,محايل,٢٤ ساعة جميع أيام الأسبوع,24
تجمع عسير الصحي,روشن,مركز رعاية صحية أولية,20.00237,42.596421,"20.00237,42.596421",Active,بيشة المدينة,٢٤ ساعة جميع أيام الأسبوع,24
تجمع عسير الصحي,سهل تنومه,مركز رعاية صحية أولية,18.92834,42.18971,"18.92834,42.18971",Active,تنومه,٢٤ ساعة جميع أيام الأسبوع,24
تجمع عسير الصحي,صمخ,مركز رعاية صحية أولية,19.37058,42.80091,"19.37058,42.80091",Active,بيشة المدينة,٢٤ ساعة جميع أيام الأسبوع,24
تجمع عسير الصحي,شواص,مركز رعاية صحية أولية,19.869162,41.93387,"19.869162,41.93387",Active,البشاير,٢٤ ساعة جميع أيام الأسبوع,24
تجمع عسير الصحي,جنوب المدينة,مركز رعاية صحية أولية,19.97932,42.59275,"19.97932,42.59275",Active,بيشة المدينة,٢٤ ساعة جميع أيام الأسبوع,24
تجمع عسير الصحي,صبح,مركز رعاية صحية أولية,18.6264819,42.3207951,"18.6264819,42.3207951",Active,بلّحمر,٢٤ ساعة جميع أيام الأسبوع,24
تجمع عسير الصحي,ام سرار,مركز رعاية صحية أولية,18.3009393,42.7403623,"18.3009393,42.7403623",Active,خميس مشيط,٢٤ ساعة جميع أيام الأسبوع,24
تجمع عسير الصحي,وادي بن هشبل,مركز رعاية صحية أولية,18.59588,42.69248,"18.59588,42.69248",Active,وادي بن هشبل,٢٤ ساعة جميع أيام الأسبوع,24
تجمع عسير الصحي,عفرا,مركز رعاية صحية أولية,19.696759,42.024439,"19.696759,42.024439",Active,سبت العلاية,٨ص - ١١:٥٩م الأحد - الخميس,4
تجمع عسير الصحي,الحميضة,مركز رعاية صحية أولية,19.5285178,43.524034,"19.5285178,43.524034",Active,تثليث,٨ص - ١١:٥٩م الأحد - الخميس,4
تجمع عسير الصحي,المسقي,مركز رعاية صحية أولية,18.05441,42.73649,"18.05441,42.73649",Active,أبها,٨ص - ١١:٥٩م الأحد - الخميس,4
تجمع عسير الصحي,السقا,مركز رعاية صحية أولية,18.2344,42.41033,"18.2344,42.41033",Active,أبها,٨ص - ١١:٥٩م الأحد - الخميس,4
تجمع عسير الصحي,آل سريع,مركز رعاية صحية أولية,18.173427,42.628706,"18.173427,42.628706",Active,أبها,٨ص - ١١:٥٩م الأحد - الخميس,4
تجمع عسير الصحي,العزيزية,مركز رعاية صحية أولية,18.20875,42.49762,"18.20875,42.49762",Active,أبها,٨ص - ١١:٥٩م الأحد - الخميس,4
تجمع عسير الصحي,عرين قحطان,مركز رعاية صحية أولية,18.5607506,43.3855462,"18.5607506,43.3855462",Active,المضة,٨ص - ١١:٥٩م الأحد - الخميس,4
تجمع عسير الصحي,البشاير,مركز رعاية صحية أولية,19.7493162,41.9148696,"19.7493162,41.9148696",Active,البشاير,٨ص - ١١:٥٩م الأحد - الخميس,4
تجمع عسير الصحي,حي الضباط,مركز رعاية صحية أولية,18.29326,42.72567,"18.29326,42.72567",Active,خميس مشيط,٨ص - ١١:٥٩م الأحد - الخميس,4
تجمع عسير الصحي,الحازمي,مركز رعاية صحية أولية,19.8703199,42.4934122,"19.8703199,42.4934122",Active,بيشة الجنوبي,٨ص - ١١:٥٩م الأحد - الخميس,4
تجمع عسير الصحي,الجعبة,مركز رعاية صحية أولية,20.32998,42.11174,"20.32998,42.11174",Active,بيشة الغربي,٨ص - ١١:٥٩م الأحد - الخميس,4
تجمع عسير الصحي,المجاردة,مركز رعاية صحية أولية,19.1111878,41.9236997,"19.1111878,41.9236997",Active,المجاردة,٨ص - ١١:٥٩م الأحد - الخميس,4
تجمع عسير الصحي,المجمعة والعقل ومفرغ السيل,مركز رعاية صحية أولية,18.138285,42.097611,"18.138285,42.097611",Active,رجال ألمع,٨ص - ١١:٥٩م الأحد - الخميس,4
تجمع عسير الصحي,النقيع,مركز رعاية صحية أولية,20.2476938,42.7059415,"20.2476938,42.7059415",Active,بيشة الشمالي,٨ص - ١١:٥٩م الأحد - الخميس,4
تجمع عسير الصحي,الثنية,مركز رعاية صحية أولية,20.02795,42.31029,"20.02795,42.31029",Active,بيشة الغربي,٨ص - ١١:٥٩م الأحد - الخميس,4
تجمع عسير الصحي,الواديين,مركز رعاية صحية أولية,18.07627,42.80329,"18.07627,42.80329",Active,أحد رفيدة,٨ص - ١١:٥٩م الأحد - الخميس,4
تجمع عسير الصحي,باحة ربيعة,مركز رعاية صحية أولية,18.341836,42.328872,"18.341836,42.328872",Active,أبها,٨ص - ١١:٥٩م الأحد - الخميس,4
تجمع عسير الصحي,حلباء,مركز رعاية صحية أولية,19.27265,42.09629,"19.27265,42.09629",Active,النماص,٨ص - ١١:٥٩م الأحد - الخميس,4
تجمع عسير الصحي,حميد العلايا,مركز رعاية صحية أولية,18.77401,41.91234,"18.77401,41.91234",Active,محايل,٨ص - ١١:٥٩م الأحد - الخميس,4
تجمع عسير الصحي,جمعة المقاطرة,مركز رعاية صحية أولية,19.05529,41.50867,"19.05529,41.50867",Active,بارق,٨ص - ١١:٥٩م الأحد - الخميس,4
تجمع عسير الصحي,مربة السفلى,مركز رعاية صحية أولية,17.8190964,42.3619402,"17.8190964,42.3619402",Active,أبها,٨ص - ١١:٥٩م الأحد - الخميس,4
تجمع عسير الصحي,سبت العلايا,مركز رعاية صحية أولية,19.55776,41.95127,"19.55776,41.95127",Active,سبت العلاية,٨ص - ١١:٥٩م الأحد - الخميس,4
تجمع عسير الصحي,سراة عبيدة,مركز رعاية صحية أولية,18.08647,43.13855,"18.08647,43.13855",Active,سراة عبيدة,٨ص - ١١:٥٩م الأحد - الخميس,4
تجمع عسير الصحي,جنوب خيبر ,مركز رعاية صحية أولية,18.8036029,42.8622043,"18.8036029,42.8622043",Active,وادي بن هشبل,٨ص - ١١:٥٩م الأحد - الخميس,4
تجمع عسير الصحي,تندحة الزلال,مركز رعاية صحية أولية,18.34604,42.84298,"18.34604,42.84298",Active,خميس مشيط,٨ص - ١١:٥٩م الأحد - الخميس,4
تجمع عسير الصحي,وادي الفيض,مركز رعاية صحية أولية,18.01363,43.46055,"18.01363,43.46055",Active,الحرجة,٨ص - ١١:٥٩م الأحد - الخميس,4
تجمع عسير الصحي,وادي الحياة,مركز رعاية صحية أولية,17.6129436,43.0561061,"17.6129436,43.0561061",Active,الفرشة,٨ص - ١١:٥٩م الأحد - الخميس,4
تجمع عسير الصحي,غرب تثليث,مركز رعاية صحية أولية,19.567228,43.502544,"19.567228,43.502544",Active,تثليث,٨ص - ١١:٥٩م الأحد - الخميس,4
تجمع عسير الصحي,الجرف,مركز رعاية صحية أولية,18.280141,42.2427981,"18.280141,42.2427981",Active,رجال ألمع,٨ص - ١١:٥٩م جميع أيام الأسبوع,4A
تجمع عسير الصحي,المنهل,مركز رعاية صحية أولية,18.207302,42.51485,"18.207302,42.51485",Active,أبها,٨ص - ١١:٥٩م جميع أيام الأسبوع,4A
تجمع عسير الصحي,ثربان,مركز رعاية صحية أولية,19.1180942,41.6172302,"19.1180942,41.6172302",Active,المجاردة,٨ص - ١١:٥٩م جميع أيام الأسبوع,4A
تجمع عسير الصحي,ظهران الجنوب,مركز رعاية صحية أولية,17.6618929,43.5210871,"17.6618929,43.5210871",Active,ظهران الجنوب,٨ص - ١١:٥٩م جميع أيام الأسبوع,4A
تجمع عسير الصحي,ثلوث المنظر ,مركز رعاية صحية أولية,18.7992407,42.036978,"18.7992407,42.036978",Active,بارق,٨ص - ١١:٥٩م جميع أيام الأسبوع,4A
تجمع عسير الصحي,طريب,مركز رعاية صحية أولية,18.5923585,43.2025766,"18.5923585,43.2025766",Active,المضة,٨ص - ١١:٥٩م جميع أيام الأسبوع,4A
تجمع عسير الصحي,صعبان,مركز رعاية صحية أولية,18.86992,41.93211,"18.86992,41.93211",Active,بارق,٨ص - ٤م الأحد - الخميس,8
تجمع عسير الصحي,عبل,مركز رعاية صحية أولية,18.53741,42.42025,"18.53741,42.42025",Active,بلّحمر,٨ص - ٤م الأحد - الخميس,8
تجمع عسير الصحي,عاكسة,مركز رعاية صحية أولية,19.15638,42.14104,"19.15638,42.14104",Active,النماص,٨ص - ٤م الأحد - الخميس,8
تجمع عسير الصحي,عبس,مركز رعاية صحية أولية,19.29864,41.96172,"19.29864,41.96172",Active,المجاردة,٨ص - ٤م الأحد - الخميس,8
تجمع عسير الصحي,علو مربه,مركز رعاية صحية أولية,18.0905236,42.3737097,"18.0905236,42.3737097",Active,أبها,٨ص - ٤م الأحد - الخميس,8
تجمع عسير الصحي,عين اللوي,مركز رعاية صحية أولية,18.04601,43.01781,"18.04601,43.01781",Active,سراة عبيدة,٨ص - ٤م الأحد - الخميس,8
تجمع عسير الصحي,عين قحطان,مركز رعاية صحية أولية,18.93077,44.06199,"18.93077,44.06199",Active,الأمواه,٨ص - ٤م الأحد - الخميس,8
تجمع عسير الصحي,حي المطار,مركز رعاية صحية أولية,20.00044,42.61543,"20.00044,42.61543",Active,بيشة المدينة,٨ص - ٤م الأحد - الخميس,8
تجمع عسير الصحي,شمال المطار,مركز رعاية صحية أولية,18.31473,42.74687,"18.31473,42.74687",Active,خميس مشيط,٨ص - ٤م الأحد - الخميس,8
تجمع عسير الصحي,اخلال,مركز رعاية صحية أولية,18.208814,42.019102,"18.208814,42.019102",Active,محايل,٨ص - ٤م الأحد - الخميس,8
تجمع عسير الصحي,آل بريد,مركز رعاية صحية أولية,18.17952,42.84373,"18.17952,42.84373",Active,أحد رفيدة,٨ص - ٤م الأحد - الخميس,8
تجمع عسير الصحي,غميس وعلان,مركز رعاية صحية أولية,18.5238,43.64198,"18.5238,43.64198",Active,الأمواه,٨ص - ٤م الأحد - الخميس,8
تجمع عسير الصحي,آل غيلان,مركز رعاية صحية أولية,19.0881567,41.7860082,"19.0881567,41.7860082",Active,المجاردة,٨ص - ٤م الأحد - الخميس,8
تجمع عسير الصحي,آل حلامي,مركز رعاية صحية أولية,18.03098,42.81848,"18.03098,42.81848",Active,أحد رفيدة,٨ص - ٤م الأحد - الخميس,8
تجمع عسير الصحي,آل خلف,مركز رعاية صحية أولية,17.9604142,43.1286335,"17.9604142,43.1286335",Active,سراة عبيدة,٨ص - ٤م الأحد - الخميس,8
تجمع عسير الصحي,آل ختارش,مركز رعاية صحية أولية,18.43839,41.90953,"18.43839,41.90953",Active,محايل,٨ص - ٤م الأحد - الخميس,8
تجمع عسير الصحي,الملاحة,مركز رعاية صحية أولية,18.3647184,42.4671149,"18.3647184,42.4671149",Active,أبها,٨ص - ٤م الأحد - الخميس,8
تجمع عسير الصحي,المطلا,مركز رعاية صحية أولية,19.729917,42.196222,"19.729917,42.196222",Active,سبت العلاية,٨ص - ٤م الأحد - الخميس,8
تجمع عسير الصحي,آل سلمة و آل زارية,مركز رعاية صحية أولية,19.4168668,41.994735,"19.4168668,41.994735",Active,سبت العلاية,٨ص - ٤م الأحد - الخميس,8
تجمع عسير الصحي,آل سرحان,مركز رعاية صحية أولية,18.12674,42.68557,"18.12674,42.68557",Active,أبها,٨ص - ٤م الأحد - الخميس,8
تجمع عسير الصحي,تمنية,مركز رعاية صحية أولية,18.00147,42.75239,"18.00147,42.75239",Active,أبها,٨ص - ٤م الأحد - الخميس,8
تجمع عسير الصحي,آل يزيد,مركز رعاية صحية أولية,18.09778,42.67968,"18.09778,42.67968",Active,أبها,٨ص - ٤م الأحد - الخميس,8
تجمع عسير الصحي,العرضين,مركز رعاية صحية أولية,17.96546,43.20679,"17.96546,43.20679",Active,سراة عبيدة,٨ص - ٤م الأحد - الخميس,8
تجمع عسير الصحي,العسران,مركز رعاية صحية أولية,18.048674,43.062908,"18.048674,43.062908",Active,سراة عبيدة,٨ص - ٤م الأحد - الخميس,8
تجمع عسير الصحي,العطف 2,مركز رعاية صحية أولية,20.13866,42.6318,"20.13866,42.6318",Active,بيشة الشمالي,٨ص - ٤م الأحد - الخميس,8
تجمع عسير الصحي,العمّارة,مركز رعاية صحية أولية,18.38159,42.64721,"18.38159,42.64721",Active,خميس مشيط,٨ص - ٤م الأحد - الخميس,8
تجمع عسير الصحي,العرين (أبها),مركز رعاية صحية أولية,18.2408457,42.5305706,"18.2408457,42.5305706",Active,أبها,٨ص - ٤م الأحد - الخميس,8
تجمع عسير الصحي,العزيزة,مركز رعاية صحية أولية,18.20755,42.42947,"18.20755,42.42947",Active,أبها,٨ص - ٤م الأحد - الخميس,8
تجمع عسير الصحي,البهيم,مركز رعاية صحية أولية,19.69994,42.36231,"19.69994,42.36231",Active,بيشة الجنوبي,٨ص - ٤م الأحد - الخميس,8
تجمع عسير الصحي,البتلية,مركز رعاية صحية أولية,18.1934673,42.2697722,"18.1934673,42.2697722",Active,رجال ألمع,٨ص - ٤م الأحد - الخميس,8
تجمع عسير الصحي,البطنة,مركز رعاية صحية أولية,18.863174,42.638692,"18.863174,42.638692",Active,وادي بن هشبل,٨ص - ٤م الأحد - الخميس,8
تجمع عسير الصحي,البرك,مركز رعاية صحية أولية,18.22973,41.53255,"18.22973,41.53255",Active,البرك,٨ص - ٤م الأحد - الخميس,8
تجمع عسير الصحي,البظاظة,مركز رعاية صحية أولية,19.62371,41.97418,"19.62371,41.97418",Active,سبت العلاية,٨ص - ٤م الأحد - الخميس,8
تجمع عسير الصحي,البقعة,مركز رعاية صحية أولية,17.7179273,43.2688844,"17.7179273,43.2688844",Active,ظهران الجنوب,٨ص - ٤م الأحد - الخميس,8
تجمع عسير الصحي,الدحو,مركز رعاية صحية أولية,20.1028283,42.660005,"20.1028283,42.660005",Active,بيشة المدينة,٨ص - ٤م الأحد - الخميس,8
تجمع عسير الصحي,الضرس,مركز رعاية صحية أولية,18.5422286,42.0841347,"18.5422286,42.0841347",Active,محايل,٨ص - ٤م الأحد - الخميس,8
تجمع عسير الصحي,العرقين,مركز رعاية صحية أولية,18.3352582,43.2766056,"18.3352582,43.2766056",Active,سراة عبيدة,٨ص - ٤م الأحد - الخميس,8
تجمع عسير الصحي,الفرع,مركز رعاية صحية أولية,18.58046,43.91029,"18.58046,43.91029",Active,الأمواه,٨ص - ٤م الأحد - الخميس,8
تجمع عسير الصحي,الفرعاء,مركز رعاية صحية أولية,18.07178,42.69689,"18.07178,42.69689",Active,أبها,٨ص - ٤م الأحد - الخميس,8
تجمع عسير الصحي,الفرعين,مركز رعاية صحية أولية,18.15296,42.96215,"18.15296,42.96215",Active,أحد رفيدة,٨ص - ٤م الأحد - الخميس,8
تجمع عسير الصحي,جنوب الفرشة,مركز رعاية صحية أولية,17.673499,43.171767,"17.673499,43.171767",Active,الفرشة,٨ص - ٤م الأحد - الخميس,8
تجمع عسير الصحي,الفيض,مركز رعاية صحية أولية,18.3604214,41.7213249,"18.3604214,41.7213249",Active,البرك,٨ص - ٤م الأحد - الخميس,8
تجمع عسير الصحي,الفوهه,مركز رعاية صحية أولية,19.76958,41.96542,"19.76958,41.96542",Active,البشاير,٨ص - ٤م الأحد - الخميس,8
تجمع عسير الصحي,الفرشة,مركز رعاية صحية أولية,17.74876,43.15475,"17.74876,43.15475",Active,الفرشة,٨ص - ٤م الأحد - الخميس,8
تجمع عسير الصحي,الغفرات,مركز رعاية صحية أولية,19.785237,42.411298,"19.785237,42.411298",Active,بيشة الجنوبي,٨ص - ٤م الأحد - الخميس,8
تجمع عسير الصحي,الغيناء,مركز رعاية صحية أولية,18.02742,42.41477,"18.02742,42.41477",Active,أبها,٨ص - ٤م الأحد - الخميس,8
تجمع عسير الصحي,الغيل,مركز رعاية صحية أولية,17.73899,43.52682,"17.73899,43.52682",Active,ظهران الجنوب,٨ص - ٤م الأحد - الخميس,8
تجمع عسير الصحي,الغول,مركز رعاية صحية أولية,17.74349,43.34104,"17.74349,43.34104",Active,الحرجة,٨ص - ٤م الأحد - الخميس,8
تجمع عسير الصحي,الغرس,مركز رعاية صحية أولية,18.4962149,43.3599293,"18.4962149,43.3599293",Active,المضة,٨ص - ٤م الأحد - الخميس,8
تجمع عسير الصحي,الحاجر,مركز رعاية صحية أولية,17.5007814,43.6199498,"17.5007814,43.6199498",Active,ظهران الجنوب,٨ص - ٤م الأحد - الخميس,8
تجمع عسير الصحي,الهميلة,مركز رعاية صحية أولية,18.30918,42.72146,"18.30918,42.72146",Active,خميس مشيط,٨ص - ٤م الأحد - الخميس,8
تجمع عسير الصحي,الحرجة,مركز رعاية صحية أولية,17.92403,43.36467,"17.92403,43.36467",Active,الحرجة,٨ص - ٤م الأحد - الخميس,8
تجمع عسير الصحي,الحي الجديد,مركز رعاية صحية أولية,18.29328,42.75914,"18.29328,42.75914",Active,خميس مشيط,٨ص - ٤م الأحد - الخميس,8
تجمع عسير الصحي,الحيمة,مركز رعاية صحية أولية,18.7240151,42.5690853,"18.7240151,42.5690853",Active,وادي بن هشبل,٨ص - ٤م الأحد - الخميس,8
تجمع عسير الصحي,الحريضة,مركز رعاية صحية أولية,17.7845642,41.9402111,"17.7845642,41.9402111",Active,القحمة,٨ص - ٤م الأحد - الخميس,8
تجمع عسير الصحي,الهرير وذلالة,مركز رعاية صحية أولية,18.2424022,42.7647024,"18.2424022,42.7647024",Active,خميس مشيط,٨ص - ٤م الأحد - الخميس,8
تجمع عسير الصحي,الحفيرة,مركز رعاية صحية أولية,19.44796,42.84464,"19.44796,42.84464",Active,بيشة المدينة,٨ص - ٤م الأحد - الخميس,8
تجمع عسير الصحي,الحميد,مركز رعاية صحية أولية,19.5970401,41.9573665,"19.5970401,41.9573665",Active,سبت العلاية,٨ص - ٤م الأحد - الخميس,8
تجمع عسير الصحي,الحيفة,مركز رعاية صحية أولية,19.86542,42.53551,"19.86542,42.53551",Active,بيشة الجنوبي,٨ص - ٤م الأحد - الخميس,8
تجمع عسير الصحي,الأهمال,مركز رعاية صحية أولية,18.2714643,42.0633965,"18.2714643,42.0633965",Active,رجال ألمع,٨ص - ٤م الأحد - الخميس,8
تجمع عسير الصحي,الجمة,مركز رعاية صحية أولية,18.478968,41.7111432,"18.478968,41.7111432",Active,البرك,٨ص - ٤م الأحد - الخميس,8
تجمع عسير الصحي,الجوة,مركز رعاية صحية أولية,17.906018,43.2381964,"17.906018,43.2381964",Active,سراة عبيدة,٨ص - ٤م الأحد - الخميس,8
تجمع عسير الصحي,الجنينة,مركز رعاية صحية أولية,20.27287,42.80218,"20.27287,42.80218",Active,بيشة الشمالي,٨ص - ٤م الأحد - الخميس,8
تجمع عسير الصحي,الجزيرة والحرفين,مركز رعاية صحية أولية,19.0640243,42.9937613,"19.0640243,42.9937613",Active,وادي بن هشبل,٨ص - ٤م الأحد - الخميس,8
تجمع عسير الصحي,الجهيفة,مركز رعاية صحية أولية,17.93035,42.7117,"17.93035,42.7117",Active,أبها,٨ص - ٤م الأحد - الخميس,8
تجمع عسير الصحي,القحمة,مركز رعاية صحية أولية,18.00201,41.6797,"18.00201,41.6797",Active,القحمة,٨ص - ٤م الأحد - الخميس,8
تجمع عسير الصحي,الخنقة,مركز رعاية صحية أولية,18.3112015,43.5185337,"18.3112015,43.5185337",Active,المضة,٨ص - ٤م الأحد - الخميس,8
تجمع عسير الصحي,القريحاء,مركز رعاية صحية أولية,18.8691936,42.013834,"18.8691936,42.013834",Active,بارق,٨ص - ٤م الأحد - الخميس,8
تجمع عسير الصحي,المضة,مركز رعاية صحية أولية,18.8363992,43.2437646,"18.8363992,43.2437646",Active,المضة,٨ص - ٤م الأحد - الخميس,8
تجمع عسير الصحي,شرق المجاردة,مركز رعاية صحية أولية,19.1304712,41.9353258,"19.1304712,41.9353258",Active,المجاردة,٨ص - ٤م الأحد - الخميس,8
تجمع عسير الصحي,المقاعد,مركز رعاية صحية أولية,18.50666,42.10617,"18.50666,42.10617",Active,محايل,٨ص - ٤م الأحد - الخميس,8
تجمع عسير الصحي,المنجحة,مركز رعاية صحية أولية,18.2116581,41.8942201,"18.2116581,41.8942201",Active,محايل,٨ص - ٤م الأحد - الخميس,8
تجمع عسير الصحي,المصنعة,مركز رعاية صحية أولية,18.28896,42.46193,"18.28896,42.46193",Active,أبها,٨ص - ٤م الأحد - الخميس,8
تجمع عسير الصحي,الملوين,مركز رعاية صحية أولية,18.65482,42.43674,"18.65482,42.43674",Active,بلّحمر,٨ص - ٤م الأحد - الخميس,8
تجمع عسير الصحي,المحالة,مركز رعاية صحية أولية,18.28442,42.5933,"18.28442,42.5933",Active,أبها,٨ص - ٤م الأحد - الخميس,8
تجمع عسير الصحي,المحالة,مركز رعاية صحية أولية,19.46231,42.3493,"19.46231,42.3493",Active,بيشة الجنوبي,٨ص - ٤م الأحد - الخميس,8
تجمع عسير الصحي,مخطط ١,مركز رعاية صحية أولية,20.02288,42.61828,"20.02288,42.61828",Active,بيشة المدينة,٨ص - ٤م الأحد - الخميس,8
تجمع عسير الصحي,مخطط ٢,مركز رعاية صحية أولية,20.01441,42.61756,"20.01441,42.61756",Active,بيشة المدينة,٨ص - ٤م الأحد - الخميس,8
تجمع عسير الصحي,المسلمة,مركز رعاية صحية أولية,18.96327,41.98115,"18.96327,41.98115",Active,بارق,٨ص - ٤م الأحد - الخميس,8
تجمع عسير الصحي,النعضاء,مركز رعاية صحية أولية,18.3000149,43.7847518,"18.3000149,43.7847518",Active,الحرجة,٨ص - ٤م الأحد - الخميس,8
تجمع عسير الصحي,النجدين,مركز رعاية صحية أولية,18.3570204,42.1241425,"18.3570204,42.1241425",Active,رجال ألمع,٨ص - ٤م الأحد - الخميس,8
تجمع عسير الصحي,النماص,مركز رعاية صحية أولية,19.12868,42.13456,"19.12868,42.13456",Active,النماص,٨ص - ٤م الأحد - الخميس,8
تجمع عسير الصحي,النميص,مركز رعاية صحية أولية,18.2133211,42.5277972,"18.2133211,42.5277972",Active,أبها,٨ص - ٤م الأحد - الخميس,8
تجمع عسير الصحي,القاعة,مركز رعاية صحية أولية,18.493219,43.077432,"18.493219,43.077432",Active,خميس مشيط,٨ص - ٤م الأحد - الخميس,8
تجمع عسير الصحي,القابل,مركز رعاية صحية أولية,18.21856,42.4934,"18.21856,42.4934",Active,أبها,٨ص - ٤م الأحد - الخميس,8
تجمع عسير الصحي,القلفاء,مركز رعاية صحية أولية,18.4061627,42.3467738,"18.4061627,42.3467738",Active,أبها,٨ص - ٤م الأحد - الخميس,8
تجمع عسير الصحي,القوباء,مركز رعاية صحية أولية,19.54493,42.27709,"19.54493,42.27709",Active,بيشة الجنوبي,٨ص - ٤م الأحد - الخميس,8
تجمع عسير الصحي,الرهوة,مركز رعاية صحية أولية,18.74029,43.86787,"18.74029,43.86787",Active,الأمواه,٨ص - ٤م الأحد - الخميس,8
تجمع عسير الصحي,الرس,مركز رعاية صحية أولية,19.46667,42.52512,"19.46667,42.52512",Active,بيشة الجنوبي,٨ص - ٤م الأحد - الخميس,8
تجمع عسير الصحي,الرونة,مركز رعاية صحية أولية,18.22696,42.80267,"18.22696,42.80267",Active,أحد رفيدة,٨ص - ٤م الأحد - الخميس,8
تجمع عسير الصحي,الرفغة والملاحة,مركز رعاية صحية أولية,18.01121,43.53095,"18.01121,43.53095",Active,الحرجة,٨ص - ٤م الأحد - الخميس,8
تجمع عسير الصحي,الريش,مركز رعاية صحية أولية,18.62799,42.09376,"18.62799,42.09376",Active,محايل,٨ص - ٤م الأحد - الخميس,8
تجمع عسير الصحي,الرقيطاء,مركز رعاية صحية أولية,20.159319,42.663963,"20.159319,42.663963",Active,بيشة الشمالي,٨ص - ٤م الأحد - الخميس,8
تجمع عسير الصحي,السليم,مركز رعاية صحية أولية,18.8067056,41.6597092,"18.8067056,41.6597092",Active,بارق,٨ص - ٤م الأحد - الخميس,8
تجمع عسير الصحي,الصمخية,مركز رعاية صحية أولية,18.08882,42.82505,"18.08882,42.82505",Active,أحد رفيدة,٨ص - ٤م الأحد - الخميس,8
تجمع عسير الصحي,الصوالحة,مركز رعاية صحية أولية,18.59364,41.41294,"18.59364,41.41294",Active,محايل,٨ص - ٤م الأحد - الخميس,8
تجمع عسير الصحي,السودة,مركز رعاية صحية أولية,18.26342,42.39076,"18.26342,42.39076",Active,أبها,٨ص - ٤م الأحد - الخميس,8
تجمع عسير الصحي,الصبيخة,مركز رعاية صحية أولية,19.1032427,43.3124756,"19.1032427,43.3124756",Active,تثليث,٨ص - ٤م الأحد - الخميس,8
تجمع عسير الصحي,الشعبين,مركز رعاية صحية أولية,18.2269872,42.2821426,"18.2269872,42.2821426",Active,رجال ألمع,٨ص - ٤م الأحد - الخميس,8
تجمع عسير الصحي,الشداخة,مركز رعاية صحية أولية,20.03368,42.5879,"20.03368,42.5879",Active,بيشة المدينة,٨ص - ٤م الأحد - الخميس,8
تجمع عسير الصحي,الشلفاء,مركز رعاية صحية أولية,18.386559,42.502022,"18.386559,42.502022",Active,أبها,٨ص - ٤م الأحد - الخميس,8
تجمع عسير الصحي,الشقيقة,مركز رعاية صحية أولية,20.27849,42.7649,"20.27849,42.7649",Active,بيشة الشمالي,٨ص - ٤م الأحد - الخميس,8
تجمع عسير الصحي,الشرفية,مركز رعاية صحية أولية,18.30481,42.7546,"18.30481,42.7546",Active,خميس مشيط,٨ص - ٤م الأحد - الخميس,8
تجمع عسير الصحي,الشيق,مركز رعاية صحية أولية,18.69515,42.87648,"18.69515,42.87648",Active,وادي بن هشبل,٨ص - ٤م الأحد - الخميس,8
تجمع عسير الصحي,الطحاحين,مركز رعاية صحية أولية,18.76113,41.87292,"18.76113,41.87292",Active,محايل,٨ص - ٤م الأحد - الخميس,8
تجمع عسير الصحي,الطلاليع,مركز رعاية صحية أولية,19.0558611,41.7861128,"19.0558611,41.7861128",Active,المجاردة,٨ص - ٤م الأحد - الخميس,8
تجمع عسير الصحي,الطلحة,مركز رعاية صحية أولية,17.75886,43.5061,"17.75886,43.5061",Active,ظهران الجنوب,٨ص - ٤م الأحد - الخميس,8
تجمع عسير الصحي,العفيرية,مركز رعاية صحية أولية,20.58124,42.14816,"20.58124,42.14816",Active,بيشة الغربي,٨ص - ٤م الأحد - الخميس,8
تجمع عسير الصحي,الوهابة,مركز رعاية صحية أولية,18.176292,43.09149,"18.176292,43.09149",Active,سراة عبيدة,٨ص - ٤م الأحد - الخميس,8
تجمع عسير الصحي,الظهارة,مركز رعاية صحية أولية,19.04542,42.13117,"19.04542,42.13117",Active,النماص,٨ص - ٤م الأحد - الخميس,8
تجمع عسير الصحي,الزرق,مركز رعاية صحية أولية,19.45543,43.82254,"19.45543,43.82254",Active,تثليث,٨ص - ٤م الأحد - الخميس,8
تجمع عسير الصحي,الأمير عبدالرحمن,مركز رعاية صحية أولية,18.17525,42.83127,"18.17525,42.83127",Active,أحد رفيدة,٨ص - ٤م الأحد - الخميس,8
تجمع عسير الصحي,عتود العماير,مركز رعاية صحية أولية,18.228182,42.715286,"18.228182,42.715286",Active,خميس مشيط,٨ص - ٤م الأحد - الخميس,8
تجمع عسير الصحي,بهوان,مركز رعاية صحية أولية,18.71,42.416,"18.71,42.416",Active,بلّحمر,٨ص - ٤م الأحد - الخميس,8
تجمع عسير الصحي,بني ذيب,مركز رعاية صحية أولية,18.6948607,41.6208565,"18.6948607,41.6208565",Active,محايل,٨ص - ٤م الأحد - الخميس,8
تجمع عسير الصحي,بني جونة,مركز رعاية صحية أولية,18.1565769,42.2831905,"18.1565769,42.2831905",Active,رجال ألمع,٨ص - ٤م الأحد - الخميس,8
تجمع عسير الصحي,بني مالك,مركز رعاية صحية أولية,18.34753,42.56137,"18.34753,42.56137",Active,أبها,٨ص - ٤م الأحد - الخميس,8
تجمع عسير الصحي,بني شدان,مركز رعاية صحية أولية,18.40383,42.56691,"18.40383,42.56691",Active,أبها,٨ص - ٤م الأحد - الخميس,8
تجمع عسير الصحي,باشوت,مركز رعاية صحية أولية,19.59594,41.89707,"19.59594,41.89707",Active,سبت العلاية,٨ص - ٤م الأحد - الخميس,8
تجمع عسير الصحي,بيحان,مركز رعاية صحية أولية,18.6320533,42.3185455,"18.6320533,42.3185455",Active,بلّحمر,٨ص - ٤م الأحد - الخميس,8
تجمع عسير الصحي,بريم السليل,مركز رعاية صحية أولية,18.7338406,42.8497803,"18.7338406,42.8497803",Active,وادي بن هشبل,٨ص - ٤م الأحد - الخميس,8
تجمع عسير الصحي,مركز ٢٤,مركز رعاية صحية أولية,18.6717794,42.0636034,"18.6717794,42.0636034",Active,محايل,٨ص - ٤م الأحد - الخميس,8
تجمع عسير الصحي,ذراء,مركز رعاية صحية أولية,18.5200422,41.7159998,"18.5200422,41.7159998",Active,البرك,٨ص - ٤م الأحد - الخميس,8
تجمع عسير الصحي,ضحى سيالة,مركز رعاية صحية أولية,18.89602,41.594825,"18.89602,41.594825",Active,بارق,٨ص - ٤م الأحد - الخميس,8
تجمع عسير الصحي,شرق خميس مشيط,مركز رعاية صحية أولية,18.3289235,42.7503275,"18.3289235,42.7503275",Active,خميس مشيط,٨ص - ٤م الأحد - الخميس,8
تجمع عسير الصحي,فرعة سلمان,مركز رعاية صحية أولية,19.16414,42.18102,"19.16414,42.18102",Active,النماص,٨ص - ٤م الأحد - الخميس,8
تجمع عسير الصحي,فرشاط,مركز رعاية صحية أولية,18.6226032,42.1491158,"18.6226032,42.1491158",Active,محايل,٨ص - ٤م الأحد - الخميس,8
تجمع عسير الصحي,غمرة,مركز رعاية صحية أولية,18.2874446,42.2111883,"18.2874446,42.2111883",Active,رجال ألمع,٨ص - ٤م الأحد - الخميس,8
تجمع عسير الصحي,حبطن,مركز رعاية صحية أولية,18.6761805,41.839006,"18.6761805,41.839006",Active,محايل,٨ص - ٤م الأحد - الخميس,8
تجمع عسير الصحي,حورة قيس,مركز رعاية صحية أولية,18.1966426,42.3193983,"18.1966426,42.3193983",Active,رجال ألمع,٨ص - ٤م الأحد - الخميس,8
تجمع عسير الصحي,حوراء,مركز رعاية صحية أولية,18.86451,42.2507,"18.86451,42.2507",Active,بلّسمر,٨ص - ٤م الأحد - الخميس,8
تجمع عسير الصحي,حوران,مركز رعاية صحية أولية,19.773979,42.2464143,"19.773979,42.2464143",Active,بيشة الجنوبي,٨ص - ٤م الأحد - الخميس,8
تجمع عسير الصحي,ابن سيناء,مركز رعاية صحية أولية,18.3861953,42.8009762,"18.3861953,42.8009762",Active,خميس مشيط,٨ص - ٤م الأحد - الخميس,8
تجمع عسير الصحي,جنوب بارق,مركز رعاية صحية أولية,18.859894,41.969169,"18.859894,41.969169",Active,بارق,٨ص - ٤م الأحد - الخميس,8
تجمع عسير الصحي,خنوب طريب,مركز رعاية صحية أولية,18.533777,43.191223,"18.533777,43.191223",Active,المضة,٨ص - ٤م الأحد - الخميس,8
تجمع عسير الصحي,جاش,مركز رعاية صحية أولية,19.37206,43.44976,"19.37206,43.44976",Active,تثليث,٨ص - ٤م الأحد - الخميس,8
تجمع عسير الصحي,جوف آل معمر,مركز رعاية صحية أولية,18.25018,43.20479,"18.25018,43.20479",Active,سراة عبيدة,٨ص - ٤م الأحد - الخميس,8
تجمع عسير الصحي,كتام,مركز رعاية صحية أولية,17.6152695,43.5340762,"17.6152695,43.5340762",Active,ظهران الجنوب,٨ص - ٤م الأحد - الخميس,8
تجمع عسير الصحي,خلصة نصبة,مركز رعاية صحية أولية,18.962762,41.673352,"18.962762,41.673352",Active,بارق,٨ص - ٤م الأحد - الخميس,8
تجمع عسير الصحي,خميس مطير,مركز رعاية صحية أولية,18.7021879,42.1093726,"18.7021879,42.1093726",Active,محايل,٨ص - ٤م الأحد - الخميس,8
تجمع عسير الصحي,خارف,مركز رعاية صحية أولية,18.94382,42.35088,"18.94382,42.35088",Active,بلّسمر,٨ص - ٤م الأحد - الخميس,8
تجمع عسير الصحي,خاط,مركز رعاية صحية أولية,19.1140799,42.0309341,"19.1140799,42.0309341",Active,المجاردة,٨ص - ٤م الأحد - الخميس,8
تجمع عسير الصحي,ختبة,مركز رعاية صحية أولية,19.1995966,41.94785,"19.1995966,41.94785",Active,المجاردة,٨ص - ٤م الأحد - الخميس,8
تجمع عسير الصحي,كتام,مركز رعاية صحية أولية,19.7948,41.89348,"19.7948,41.89348",Active,البشاير,٨ص - ٤م الأحد - الخميس,8
تجمع عسير الصحي,خوش بارق,مركز رعاية صحية أولية,19.0022882,41.8792641,"19.0022882,41.8792641",Active,بارق,٨ص - ٤م الأحد - الخميس,8
تجمع عسير الصحي,خيرية الملك فيصل الحريضة,مركز رعاية صحية أولية,17.81763,41.88733,"17.81763,41.88733",Active,القحمة,٨ص - ٤م الأحد - الخميس,8
تجمع عسير الصحي,خيرية الملك فيصل الواديين,مركز رعاية صحية أولية,18.08276,42.77495,"18.08276,42.77495",Active,أحد رفيدة,٨ص - ٤م الأحد - الخميس,8
تجمع عسير الصحي,كود الصفية,مركز رعاية صحية أولية,18.5430728,42.9094219,"18.5430728,42.9094219",Active,خميس مشيط,٨ص - ٤م الأحد - الخميس,8
تجمع عسير الصحي,لتين,مركز رعاية صحية أولية,18.279002,42.0052224,"18.279002,42.0052224",Active,محايل,٨ص - ٤م الأحد - الخميس,8
تجمع عسير الصحي,مدينة سلطان,مركز رعاية صحية أولية,18.26559,42.62236,"18.26559,42.62236",Active,أبها,٨ص - ٤م الأحد - الخميس,8
تجمع عسير الصحي,البساتين مول,مركز رعاية صحية أولية,18.548473,42.0359,"18.548473,42.0359",Active,محايل,٨ص - ٤م الأحد - الخميس,8
تجمع عسير الصحي,ملحة الحباب,مركز رعاية صحية أولية,18.39815,43.64557,"18.39815,43.64557",Active,المضة,٨ص - ٤م الأحد - الخميس,8
تجمع عسير الصحي,منصبة,مركز رعاية صحية أولية,19.160249,42.5394058,"19.160249,42.5394058",Active,تنومه,٨ص - ٤م الأحد - الخميس,8
تجمع عسير الصحي,غرب محايل ١,مركز رعاية صحية أولية,18.568266,41.976105,"18.568266,41.976105",Active,محايل,٨ص - ٤م الأحد - الخميس,8
تجمع عسير الصحي,غرب محايل ٢,مركز رعاية صحية أولية,18.532957,41.890934,"18.532957,41.890934",Active,محايل,٨ص - ٤م الأحد - الخميس,8
تجمع عسير الصحي,مهر,مركز رعاية صحية أولية,19.85061,42.40593,"19.85061,42.40593",Active,بيشة الجنوبي,٨ص - ٤م الأحد - الخميس,8
تجمع عسير الصحي,مخطط ١,مركز رعاية صحية أولية,18.34418,42.72588,"18.34418,42.72588",Active,خميس مشيط,٨ص - ٤م الأحد - الخميس,8
تجمع عسير الصحي,نمران,مركز رعاية صحية أولية,19.99539,42.59468,"19.99539,42.59468",Active,بيشة المدينة,٨ص - ٤م الأحد - الخميس,8
تجمع عسير الصحي,شمال الفرشة,مركز رعاية صحية أولية,17.8762,43.05661,"17.8762,43.05661",Active,الفرشة,٨ص - ٤م الأحد - الخميس,8
تجمع عسير الصحي,شمال خيبر,مركز رعاية صحية أولية,18.915863,42.887734,"18.915863,42.887734",Active,وادي بن هشبل,٨ص - ٤م الأحد - الخميس,8
تجمع عسير الصحي,ربة,مركز رعاية صحية أولية,19.703969,43.76657,"19.703969,43.76657",Active,تثليث,٨ص - ٤م الأحد - الخميس,8
تجمع عسير الصحي,ردوم,مركز رعاية صحية أولية,17.7876647,42.8278362,"17.7876647,42.8278362",Active,أبها,٨ص - ٤م الأحد - الخميس,8
تجمع عسير الصحي,راحة سنحان,مركز رعاية صحية أولية,17.83844,43.4124,"17.83844,43.4124",Active,الحرجة,٨ص - ٤م الأحد - الخميس,8
تجمع عسير الصحي,راكة,مركز رعاية صحية أولية,18.577072,41.56963,"18.577072,41.56963",Active,البرك,٨ص - ٤م الأحد - الخميس,8
تجمع عسير الصحي,ربوع السرو,مركز رعاية صحية أولية,19.3031443,42.0746665,"19.3031443,42.0746665",Active,النماص,٨ص - ٤م الأحد - الخميس,8
تجمع عسير الصحي,روضان السليل,مركز رعاية صحية أولية,18.6132085,42.8159627,"18.6132085,42.8159627",Active,وادي بن هشبل,٨ص - ٤م الأحد - الخميس,8
تجمع عسير الصحي,روام,مركز رعاية صحية أولية,18.4137029,42.0542448,"18.4137029,42.0542448",Active,رجال ألمع,٨ص - ٤م الأحد - الخميس,8
تجمع عسير الصحي,ريدة  آل جليلة,مركز رعاية صحية أولية,17.91657,42.77525,"17.91657,42.77525",Active,أبها,٨ص - ٤م الأحد - الخميس,8
تجمع عسير الصحي,سبت بني بشر,مركز رعاية صحية أولية,17.9888561,43.1373024,"17.9888561,43.1373024",Active,سراة عبيدة,٨ص - ٤م الأحد - الخميس,8
تجمع عسير الصحي,سبت تنومة,مركز رعاية صحية أولية,18.95257,42.17531,"18.95257,42.17531",Active,تنومه,٨ص - ٤م الأحد - الخميس,8
تجمع عسير الصحي,صدر وائلة,مركز رعاية صحية أولية,17.8747293,42.5769621,"17.8747293,42.5769621",Active,أبها,٨ص - ٤م الأحد - الخميس,8
تجمع عسير الصحي,سدوان,مركز رعاية صحية أولية,18.8776458,42.2234899,"18.8776458,42.2234899",Active,بلّسمر,٨ص - ٤م الأحد - الخميس,8
تجمع عسير الصحي,سحر آل عاصم,مركز رعاية صحية أولية,18.4321956,42.1183117,"18.4321956,42.1183117",Active,محايل,٨ص - ٤م الأحد - الخميس,8
تجمع عسير الصحي,صلحلح وحبكان,مركز رعاية صحية أولية,18.71035,42.49328,"18.71035,42.49328",Active,بلّحمر,٨ص - ٤م الأحد - الخميس,8
تجمع عسير الصحي,شعف بلقرن,مركز رعاية صحية أولية,19.53008,41.89766,"19.53008,41.89766",Active,سبت العلاية,٨ص - ٤م الأحد - الخميس,8
تجمع عسير الصحي,شعف جارمة,مركز رعاية صحية أولية,18.0430126,42.9576802,"18.0430126,42.9576802",Active,أحد رفيدة,٨ص - ٤م الأحد - الخميس,8
تجمع عسير الصحي,شفان,مركز رعاية صحية أولية,18.722369,42.6864982,"18.722369,42.6864982",Active,وادي بن هشبل,٨ص - ٤م الأحد - الخميس,8
تجمع عسير الصحي,شمال ثربان,مركز رعاية صحية أولية,19.207023,41.714634,"19.207023,41.714634",Active,المجاردة,٨ص - ٤م الأحد - الخميس,8
تجمع عسير الصحي,شرق المضة,مركز رعاية صحية أولية,18.9565155,43.4050338,"18.9565155,43.4050338",Active,المضة,٨ص - ٤م الأحد - الخميس,8
تجمع عسير الصحي,شباعة,مركز رعاية صحية أولية,18.31986,42.72285,"18.31986,42.72285",Active,خميس مشيط,٨ص - ٤م الأحد - الخميس,8
تجمع عسير الصحي,شديق,مركز رعاية صحية أولية,19.98413,42.36779,"19.98413,42.36779",Active,بيشة الغربي,٨ص - ٤م الأحد - الخميس,8
تجمع عسير الصحي,التنمية الاجتماعية ,مركز رعاية صحية أولية,18.3095,42.85149,"18.3095,42.85149",Active,خميس مشيط,٨ص - ٤م الأحد - الخميس,8
تجمع عسير الصحي,جنوب الحبيل ,مركز رعاية صحية أولية,18.021671,42.276494,"18.021671,42.276494",Active,رجال ألمع,٨ص - ٤م الأحد - الخميس,8
تجمع عسير الصحي,صلب,مركز رعاية صحية أولية,18.1258119,42.2850644,"18.1258119,42.2850644",Active,رجال ألمع,٨ص - ٤م الأحد - الخميس,8
تجمع عسير الصحي,طبب,مركز رعاية صحية أولية,18.37297,42.37317,"18.37297,42.37317",Active,أبها,٨ص - ٤م الأحد - الخميس,8
تجمع عسير الصحي,تبالة الفرع,مركز رعاية صحية أولية,20.01251,42.20217,"20.01251,42.20217",Active,بيشة الغربي,٨ص - ٤م الأحد - الخميس,8
تجمع عسير الصحي,طلالا,مركز رعاية صحية أولية,19.55153,42.08147,"19.55153,42.08147",Active,سبت العلاية,٨ص - ٤م الأحد - الخميس,8
تجمع عسير الصحي,ترقش,مركز رعاية صحية أولية,18.66382,42.01999,"18.66382,42.01999",Active,محايل,٨ص - ٤م الأحد - الخميس,8
تجمع عسير الصحي,تية,مركز رعاية صحية أولية,18.4779911,42.3936868,"18.4779911,42.3936868",Active,محايل,٨ص - ٤م الأحد - الخميس,8
تجمع عسير الصحي,تبالة المبرز,مركز رعاية صحية أولية,20.026764,42.236453,"20.026764,42.236453",Active,بيشة الغربي,٨ص - ٤م الأحد - الخميس,8
تجمع عسير الصحي,ذهبان,مركز رعاية صحية أولية,18.1011909,41.6150271,"18.1011909,41.6150271",Active,البرك,٨ص - ٤م الأحد - الخميس,8
تجمع عسير الصحي,ثجر سويدان,مركز رعاية صحية أولية,18.364639,43.7965,"18.364639,43.7965",Active,الأمواه,٨ص - ٤م الأحد - الخميس,8
تجمع عسير الصحي,ثلوث حسوة,مركز رعاية صحية أولية,18.1334845,42.3173726,"18.1334845,42.3173726",Active,رجال ألمع,٨ص - ٤م الأحد - الخميس,8
تجمع عسير الصحي,ثلوث ريم,مركز رعاية صحية أولية,18.1899655,42.1581221,"18.1899655,42.1581221",Active,رجال ألمع,٨ص - ٤م الأحد - الخميس,8
تجمع عسير الصحي,عمق,مركز رعاية صحية أولية,18.45633,41.46779,"18.45633,41.46779",Active,البرك,٨ص - ٤م الأحد - الخميس,8
تجمع عسير الصحي,واعر,مركز رعاية صحية أولية,19.80563,42.52036,"19.80563,42.52036",Active,بيشة الجنوبي,٨ص - ٤م الأحد - الخميس,8
تجمع عسير الصحي,وادي الخير ,مركز رعاية صحية أولية,18.9087529,42.0564097,"18.9087529,42.0564097",Active,بارق,٨ص - ٤م الأحد - الخميس,8
تجمع عسير الصحي,وادي ذهب,مركز رعاية صحية أولية,17.94827,42.85376,"17.94827,42.85376",Active,أبها,٨ص - ٤م الأحد - الخميس,8
تجمع عسير الصحي,وادي حلالي,مركز رعاية صحية أولية,18.08329,42.53976,"18.08329,42.53976",Active,أبها,٨ص - ٤م الأحد - الخميس,8
تجمع عسير الصحي,وادي جناب,مركز رعاية صحية أولية,17.95315,43.5159,"17.95315,43.5159",Active,الحرجة,٨ص - ٤م الأحد - الخميس,8
تجمع عسير الصحي,وادي سكار ,مركز رعاية صحية أولية,17.995473,42.622724,"17.995473,42.622724",Active,أبها,٨ص - ٤م الأحد - الخميس,8
تجمع عسير الصحي,وادي سهول ,مركز رعاية صحية أولية,18.9841932,41.7657065,"18.9841932,41.7657065",Active,بارق,٨ص - ٤م الأحد - الخميس,8
تجمع عسير الصحي,وادي تضرع,مركز رعاية صحية أولية,17.9101016,42.6433843,"17.9101016,42.6433843",Active,أبها,٨ص - ٤م الأحد - الخميس,8
تجمع عسير الصحي,وادي ترج,مركز رعاية صحية أولية,19.046805,42.2260951,"19.046805,42.2260951",Active,تنومه,٨ص - ٤م الأحد - الخميس,8
تجمع عسير الصحي,وادي زيد,مركز رعاية صحية أولية,19.220162,42.070642,"19.220162,42.070642",Active,النماص,٨ص - ٤م الأحد - الخميس,8
تجمع عسير الصحي,وسانب,مركز رعاية صحية أولية,18.3489681,42.2384602,"18.3489681,42.2384602",Active,رجال ألمع,٨ص - ٤م الأحد - الخميس,8
تجمع عسير الصحي,وسط ابها,مركز رعاية صحية أولية,18.22728,42.50791,"18.22728,42.50791",Active,أبها,٨ص - ٤م الأحد - الخميس,8
تجمع عسير الصحي,عرب خميس مشيط,مركز رعاية صحية أولية,18.31945,42.70105,"18.31945,42.70105",Active,خميس مشيط,٨ص - ٤م الأحد - الخميس,8
تجمع عسير الصحي,غرب الفرشة,مركز رعاية صحية أولية,17.780783,42.881896,"17.780783,42.881896",Active,الفرشة,٨ص - ٤م الأحد - الخميس,8
تجمع عسير الصحي,الرحيب الغربي,مركز رعاية صحية أولية,17.6582739,43.5125971,"17.6582739,43.5125971",Active,ظهران الجنوب,٨ص - ٤م الأحد - الخميس,8
تجمع عسير الصحي,يعرى,مركز رعاية صحية أولية,18.6755,42.97435,"18.6755,42.97435",Active,وادي بن هشبل,٨ص - ٤م الأحد - الخميس,8
تجمع عسير الصحي,يعوض الكولة,مركز رعاية صحية أولية,17.97467,43.35618,"17.97467,43.35618",Active,الحرجة,٨ص - ٤م الأحد - الخميس,8
تجمع عسير الصحي,يهرا,مركز رعاية صحية أولية,19.729917,43.196222,"19.729917,43.196222",Active,تثليث,٨ص - ٤م الأحد - الخميس,8
تجمع عسير الصحي,الواسط / حلية,مركز رعاية صحية أولية,18.91697606,43.77193932,"18.916976062899,43.7719393238681",Active,تثليث,٨ص - ٤م الأحد - الخميس,8
تجمع عسير الصحي,خيور,مركز رعاية صحية أولية,19.23386362,44.18725778,"19.233863616105,44.1872577801019",Active,تثليث,٨ص - ٤م الأحد - الخميس,8
تجمع عسير الصحي,هجرة نعمان,مركز رعاية صحية أولية,19.21292989,43.9324066,"19.2129298864172,43.9324065991706",Active,تثليث,٨ص - ٤م الأحد - الخميس,8